,exploit ,value 
0,0.3818143070572019,0.08966666666666617
1,0.3793096230105037,0.08133333333333281
2,0.35508024534613464,-0.039666666666666794
3,0.32586471535045286,-0.10833333333333384
4,0.2977297852507189,-0.18766666666666604
5,0.2841988563781433,-0.16400000000000003
6,0.27825455379364067,-0.14899999999999983
7,0.2703547861337247,-0.18400000000000005
8,0.263228297395548,-0.15866666666666676
9,0.2605760466626914,-0.18733333333333327
10,0.24597216285378531,-0.10599999999999993
11,0.24003029242230614,-0.1313333333333333
12,0.2495936588457293,-0.12966666666666662
13,0.2500183431541547,-0.14266666666666655
14,0.254686181471477,-0.16633333333333336
15,0.25086717930479463,-0.14766666666666672
16,0.23902002460945376,-0.11999999999999995
17,0.23648617407204164,-0.08966666666666658
18,0.23623652737354817,-0.1473333333333333
19,0.2394231230470974,-0.11299999999999981
20,0.2304290594804585,-0.10166666666666649
21,0.22970355185034513,-0.08366666666666665
22,0.23119797931499123,-0.1013333333333332
23,0.22480574681043416,-0.09699999999999992
24,0.22316439681825775,-0.10366666666666656
25,0.2236778604348473,-0.08366666666666668
26,0.22994368406260948,-0.07866666666666668
27,0.2256329118384293,-0.07200000000000004
28,0.22198176607518835,-0.07799999999999997
