,exploit ,approx_expl_array,approx_exp_NFSP_array,value,game_value_array_random,game_value_array_heur,avg_attacker_br_R_array,avg_defender_br_R_array
0,0,0.14885126726062303,0.7949999999999986,0.27899999999999914,0.5793333333333339,-0.7426666666666667,-1.3946188340807175,1.0969162995594715
1,0,0.5386314783854789,0.0864999999999993,0.28699999999999914,0.5183333333333355,-0.7950000000000002,-1.0424528301886793,-0.03481012658227853
2,0,0.6438339025885473,0.15049999999999883,0.35100000000000103,0.5230000000000017,-0.7340000000000002,-1.3894080996884735,0.1017402945113788
3,0,0.7595691144583203,0.018999999999998574,0.3523333333333348,0.5963333333333333,-0.8023333333333336,-1.256965944272446,-0.26217228464419473
4,0,0.5271203365846502,0.013166666666666244,0.31933333333333386,0.5620000000000007,-0.8133333333333338,-1.0047846889952152,-0.04945598417408511
