,Unnamed: 0,Unnamed: 0.1,exploit ,value
0,0,0,0.18123946544779793,-0.021333333333333364
1,1,1,0.25588746828247777,-0.12633333333333333
2,2,2,0.19464119594135645,-0.1373333333333332
3,3,3,0.0,-0.12833333333333297
4,4,4,0.2054456578759004,-0.12133333333333292
5,5,5,0.20364388063989697,-0.10233333333333318
6,6,6,0.19912880956280946,-0.07966666666666664
7,7,7,0.19546786310252184,-0.08366666666666656
8,8,8,0.19843678191408556,-0.08866666666666649
9,9,9,0.1947250241042371,-0.06433333333333344
10,10,10,0.19339490289318037,-0.07633333333333334
11,11,11,0.1927499561696192,-0.05933333333333345
12,12,12,0.19591536560473807,-0.05733333333333342
13,13,13,0.1901115101961878,-0.05666666666666673
14,14,14,0.18994434170769858,-0.05700000000000008
15,15,15,0.18685734739473112,-0.05700000000000009
16,16,16,0.1921654576923453,-0.062000000000000124
17,17,17,0.18932142045901235,-0.05666666666666676
18,18,18,0.1884767589845553,-0.054333333333333414
19,19,19,0.18491172732614958,-0.05833333333333346
20,20,20,0.18421400080105563,-0.05266666666666675
21,21,21,0.1865329939028558,-0.05733333333333343
22,22,22,0.1843943524649601,-0.05366666666666674
23,23,23,0.18462962619392584,-0.06300000000000014
24,24,24,0.18298416281002894,-0.04566666666666669
25,25,25,0.18247416302023095,-0.05000000000000007
26,26,26,0.1841236155451339,-0.04333333333333337
27,27,27,0.18222948357103072,-0.05366666666666675
28,28,28,0.18163108789965843,-0.045333333333333364
29,29,29,0.0,-0.045000000000000026
30,30,30,0.1807962244838169,-0.0436666666666667
31,31,31,0.18354364938321452,-0.05400000000000009
32,32,32,0.18456350175483108,-0.05833333333333346
33,33,33,0.18281551088187645,-0.07433333333333338
34,34,34,0.1808391364502695,-0.08866666666666653
35,35,35,0.1792072487031943,-0.09499999999999974
36,36,36,0.17723413774891272,-0.0973333333333331
37,37,37,0.17712454244240433,-0.10199999999999966
38,38,38,0.176826920665477,-0.10566666666666628
39,39,39,0.17552302958648275,-0.11599999999999955
40,40,40,0.17356434284730013,-0.1243333333333328
41,41,41,0.16740279239647404,-0.13733333333333309
42,42,42,0.15778038799119637,-0.11499999999999962
43,43,43,0.15492055911374997,-0.12999999999999956
44,44,44,0.184567889770152,-0.12533333333333294
45,45,45,0.21246401776846735,-0.12799999999999961
46,46,46,0.23313368735005002,-0.11899999999999962
47,47,47,0.26465729242531794,-0.1293333333333329
48,48,48,0.2841814809545971,-0.11166666666666634
49,49,49,0.3068854053218775,-0.1166666666666664
