,exploit ,value 
0,0.5213454861125033,1.2956666666666683
1,0.0,1.3016666666666634
2,0.4880607176612647,1.2040000000000015
3,0.463090850906847,1.212
4,0.4517777210910148,1.2110000000000012
5,0.44368361467465334,1.2293333333333325
6,0.41724166737403146,1.125000000000001
7,0.0,1.0666666666666698
8,0.3561085111650778,1.0706666666666669
9,0.32063429912264696,1.0243333333333338
10,0.3058025969395419,1.0050000000000003
11,0.2998726521873919,0.9549999999999985
12,0.3076272063391984,0.9819999999999981
13,0.323934906551375,0.9153333333333308
14,0.35035093553642943,0.9146666666666629
15,0.36608863961933363,0.8976666666666633
16,0.3963035566870341,0.8659999999999958
17,0.40177563162546853,0.9036666666666627
18,0.40290823781986124,0.8673333333333297
19,0.4291601410437266,0.8453333333333279
20,0.43415241230228413,0.8456666666666627
21,0.42897320026637636,0.8346666666666631
22,0.4459208374575675,0.8483333333333287
23,0.45624340632232324,0.819333333333328
24,0.471479638678392,0.802666666666662
25,0.45622732928704,0.82733333333333
26,0.4795473798662026,0.7929999999999943
27,0.48119047057118697,0.8266666666666621
28,0.5021238864530666,0.8246666666666618
