,Unnamed: 0,exploit ,value
0,0,0.19226180037760993,-0.018333333333333365
1,1,0.26650055351939894,0.05133333333333344
2,2,0.216722805293204,-0.06233333333333318
3,3,0.0,-0.06733333333333347
4,4,0.20544081295439642,-0.11866666666666625
5,5,0.205196379916135,-0.05066666666666667
6,6,0.20182206832315677,-0.05266666666666671
7,7,0.1979951319426836,-0.03299999999999999
8,8,0.19316066363159332,-0.03166666666666664
9,9,0.19858479906195337,-0.03900000000000001
10,10,0.1999762313096488,-0.02933333333333332
11,11,0.1980128183061716,-0.05033333333333339
12,12,0.19627620950889538,-0.009999999999999998
13,13,0.19540565802282067,-0.04433333333333337
14,14,0.19230890941675632,-0.04333333333333335
15,15,0.19146643320824563,-0.04066666666666668
16,16,0.1982820576860915,-0.03800000000000002
17,17,0.2043725631293207,-0.03333333333333331
18,18,0.19900019151569992,-0.05966666666666677
19,19,0.19247838089298608,-0.03433333333333332
20,20,0.18932374236291769,-0.03499999999999998
21,21,0.19700865531569478,-0.03099999999999998
22,22,0.1947579941863984,-0.027666666666666645
23,23,0.1908496171146421,-0.03933333333333334
24,24,0.1890394766665512,-0.026333333333333313
25,25,0.185680302216777,-0.028999999999999963
26,26,0.19169027481721423,-0.030333333333333302
27,27,0.19236977138345426,-0.03599999999999998
28,28,0.19197741338019458,-0.03166666666666663
29,29,0.0,-0.027999999999999976
30,30,0.19112169702979237,-0.026999999999999982
31,31,0.19420756263055264,-0.027333333333333303
32,32,0.18824633329721258,-0.02699999999999998
33,33,0.1892934387985049,-0.04066666666666668
34,34,0.19016132974155286,-0.04100000000000001
35,35,0.18028502291192863,-0.05433333333333344
36,36,0.187780465083418,-0.058333333333333445
37,37,0.18377207569660328,-0.06366666666666682
38,38,0.1771239011150225,-0.06666666666666678
39,39,0.18159806185700456,-0.06400000000000014
40,40,0.18273106223631055,-0.0683333333333334
41,41,0.1812666255928844,-0.07866666666666666
42,42,0.1791645479828026,-0.06233333333333348
43,43,0.18241080203799379,-0.06966666666666675
44,44,0.18171541249990925,-0.0756666666666667
45,45,0.17766726267373237,-0.08699999999999988
46,46,0.17750697675067767,-0.0963333333333331
47,47,0.17516532625549744,-0.07999999999999995
48,48,0.1740629098282792,-0.07999999999999996
49,49,0.1722288381976217,-0.09033333333333315
