,exploit ,approx_expl_array,approx_exp_NFSP_array,value,game_value_array_random,game_value_array_heur,avg_attacker_br_R_array,avg_defender_br_R_array
0,0,2.2458854509545754,0.3731666666666664,0.8353333333333325,1.1203333333333323,0.20200000000000004,1.1244239631336406,3.36734693877551
1,0,3.2062273657691702,0.49000000000000055,1.271333333333333,1.085999999999999,0.3423333333333333,1.360730593607306,5.051724137931035
2,0,3.2534355179704013,0.5115000000000001,1.4176666666666669,1.110333333333332,0.30466666666666675,1.302325581395349,5.204545454545454
3,0,3.2353745791245787,0.48550000000000004,1.3796666666666668,1.1166666666666654,0.27233333333333337,1.3287037037037037,5.142045454545454
4,0,3.2883201357466065,0.4586666666666669,1.3923333333333336,1.097999999999998,0.3173333333333333,1.3891402714932126,5.1875
