,exploit ,value 
0,0.7242580753571435,1.106333333333334
1,0.8543965662447948,1.2166666666666675
2,0.7737521084725174,0.9126666666666673
3,0.7244301405013714,1.0820000000000018
4,0.6593582624826931,0.9856666666666705
5,0.6291735464271161,1.0813333333333368
6,0.6223987416877418,1.0913333333333362
7,0.6056143947848245,1.109000000000004
8,0.5963791725703591,1.1266666666666707
9,0.5649382911778689,1.0536666666666692
10,0.5349182359114587,1.006333333333337
11,0.48968875569567477,1.0196666666666692
12,0.465916369285877,0.9973333333333336
13,0.5038555358659248,0.9633333333333348
14,0.4505957208977168,0.9889999999999994
15,0.4180139518906719,0.9306666666666633
16,0.4339518346936925,0.962999999999998
17,0.4150815472179248,0.8909999999999976
18,0.4097406571278446,0.8913333333333296
19,0.452621995815185,0.8849999999999969
20,0.44753661441118253,0.9009999999999964
21,0.4740667209151061,0.898999999999997
22,0.4814996371982675,0.9076666666666626
23,0.4752308161578549,0.8939999999999942
24,0.4621704093969349,0.851666666666663
25,0.48368263149270263,0.8566666666666612
26,0.46040356482407996,0.8519999999999947
27,0.4383091765559534,0.8416666666666632
28,0.4907325562143703,0.8303333333333289
