,exploit ,approx_expl_array,approx_exp_NFSP_array,value,game_value_array_random,game_value_array_heur,avg_attacker_br_R_array,avg_defender_br_R_array
0,0,1.5310978282526402,0.34499999999999986,1.328,0.5393333333333354,-0.8713333333333337,-1.8158995815899581,4.878095238095239
1,0,1.455472227758953,0.47050000000000086,1.1166666666666665,0.5436666666666677,-0.7396666666666667,-1.6767241379310345,4.5876685934489405
2,0,0.6493808049535605,0.1460000000000026,0.3583333333333355,0.5226666666666696,-0.858333333333334,-1.6228070175438596,2.9215686274509807
3,0,1.493052524370726,0.07766666666666683,0.46566666666666817,0.5330000000000018,-0.9076666666666673,-1.7552742616033756,4.741379310344827
4,0,1.3875047546595662,0.016833333333332423,0.3816666666666681,0.5320000000000016,-0.9146666666666673,-1.8158995815899581,4.590909090909091
