,exploit ,value 
0,0.48489823323782066,0.13599999999999898
1,0.4247403359836463,0.06533333333333324
2,0.41506386855083244,0.019666666666666808
3,0.3587692017401915,-0.17699999999999974
4,0.34346878947582193,-0.223666666666665
5,0.3255087907470311,-0.1716666666666666
6,0.32611399808923747,-0.1966666666666667
7,0.3043216154937422,-0.17733333333333326
8,0.32270286465018816,-0.21133333333333376
9,0.30486044817610364,-0.18466666666666698
10,0.3140216398245274,-0.19666666666666718
11,0.2949772944682827,-0.1700000000000003
12,0.2958882571791897,-0.18133333333333396
13,0.28007049185564625,-0.14399999999999982
14,0.2788931143383958,-0.16933333333333359
15,0.26888203519044607,-0.15033333333333335
16,0.26314174778862115,-0.14133333333333317
17,0.2613709157694977,-0.15499999999999994
18,0.26013055987861594,-0.14199999999999977
19,0.26059199661041976,-0.14833333333333323
20,0.25434353517323727,-0.13833333333333311
21,0.2500785917006959,-0.1423333333333331
22,0.24618402870859443,-0.1836666666666669
23,0.2466406573047622,-0.13966666666666636
24,0.2426404231385699,-0.16199999999999998
25,0.24874117120200517,-0.1600000000000002
26,0.2298463297036328,-0.10866666666666651
27,0.24234932730996434,-0.16400000000000003
28,0.22942317836778123,-0.13566666666666635
