,exploit ,value 
0,0.7801729592827784,0.7813333333333333
1,0.7735190466322142,1.016333333333334
2,0.6932839353000202,1.035333333333337
3,0.6867030125238901,1.023000000000004
4,0.6038038049463641,1.0483333333333384
5,0.5419254735226436,1.0006666666666693
6,0.5323720958695906,1.0316666666666676
7,0.4585451546902205,0.9743333333333314
8,0.49226980308885804,0.9623333333333319
9,0.4424129627589033,0.9519999999999976
10,0.4812769054073165,0.9356666666666622
11,0.47491661923253164,0.8946666666666625
12,0.463868004427919,0.891666666666662
13,0.5704501055810871,0.8783333333333289
14,0.48839368880952105,0.8843333333333292
15,0.5224547701887166,0.863999999999995
16,0.5104875156995411,0.8899999999999967
17,0.6142129201384384,0.8949999999999959
18,0.5894235410265699,0.9439999999999946
19,0.5970419430686779,1.022999999999995
20,0.6058977788414959,0.9786666666666599
21,0.6893454908686276,0.9996666666666592
22,0.7045493118689238,1.1389999999999996
23,0.6490255863027281,1.1379999999999997
24,0.6264973306629558,1.166999999999999
25,0.6270577101005057,1.2416666666666674
26,0.7271179643661492,1.1166666666666645
27,0.7378494374466346,1.1683333333333321
28,0.711954744246653,1.258333333333333
