,exploit ,approx_expl_array,approx_exp_NFSP_array,value,game_value_array_random,game_value_array_heur,avg_attacker_br_R_array,avg_defender_br_R_array
0,0,0.613755007013434,0.3816666666666671,0.5036666666666675,1.0443333333333316,0.2846666666666666,0.1760299625468165,1.0514800514800515
1,0,1.6415694591728527,0.060500000000001025,0.3490000000000014,1.082999999999999,0.3383333333333334,0.8048780487804879,2.4782608695652173
2,0,1.916699604743083,0.011999999999999622,0.40733333333333593,1.0296666666666643,0.309,1.3681818181818182,2.465217391304348
3,0,1.3783783783783785,0.128000000000002,0.36233333333333473,0.9649999999999986,0.3806666666666667,1.4285714285714286,1.3281853281853282
4,0,1.6253050001820897,0.10566666666666874,0.3770000000000014,1.030666666666664,0.3426666666666667,1.4646017699115044,1.786008230452675
