,exploit ,value 
0,0.33840691471858114,0.005333333333333346
1,0.29518127928475635,-0.01966666666666668
2,0.3186964132162635,-0.03300000000000008
3,0.28328776476801953,-0.0903333333333335
4,0.2678856180486859,-0.14166666666666664
5,0.2573699664034505,-0.1353333333333336
6,0.25025766373361963,-0.13433333333333333
7,0.24087424581726652,-0.11733333333333347
8,0.2465545363045719,-0.12800000000000006
9,0.24590980346371827,-0.1153333333333335
10,0.23951618710566808,-0.12533333333333335
11,0.243624509665538,-0.12100000000000005
12,0.2396378402782878,-0.10366666666666667
13,0.2326635538293485,-0.11900000000000008
14,0.2314599626942962,-0.08299999999999995
15,0.22949622304234887,-0.10466666666666656
16,0.22814237632003778,-0.08333333333333334
17,0.22461722817328136,-0.1159999999999998
18,0.22407583499684125,-0.09799999999999989
19,0.22317594234859695,-0.09766666666666676
20,0.21547528529297957,-0.09733333333333316
21,0.21008444833156845,-0.11366666666666646
22,0.20528066323425007,-0.10933333333333309
23,0.2034025957835453,-0.13333333333333305
24,0.19639798751784143,-0.14999999999999986
25,0.1972566178383063,-0.13333333333333308
26,0.19319094991591385,-0.15200000000000002
27,0.19452377403409415,-0.12966666666666612
28,0.1880419798824289,-0.12499999999999958
