,exploit ,approx_expl_array,approx_exp_NFSP_array,value,game_value_array_random,game_value_array_heur,avg_attacker_br_R_array,avg_defender_br_R_array
0,0,0.6396480117482388,0.2068333333333357,0.3250000000000008,0.5826666666666679,-0.906666666666667,-1.3789954337899544,2.658291457286432
1,0,0.6942090395480227,0.17433333333333575,0.3703333333333362,0.5796666666666673,-0.8710000000000003,-1.694915254237288,3.0833333333333335
2,0,0.9330559483665108,0.08033333333333387,0.2933333333333326,0.5413333333333357,-0.7273333333333335,-1.6379310344827587,-0.2281808622502629
3,0,0.8110125199314947,0.08683333333333353,0.31400000000000033,0.5933333333333332,-0.7210000000000006,-1.7161016949152543,0.09407665505226483
4,0,0.7225149279943801,0.2526666666666675,0.28866666666666646,0.5716666666666682,-0.7810000000000006,-1.3424657534246576,-0.1025641025641026
