,Unnamed: 0,exploit ,value 
0,0,0.8696541444968727,1.399666666666667
1,1,0.8419289882568064,1.1673333333333331
2,2,0.8175480676707596,0.8420000000000007
3,3,0.7385264219976347,0.7596666666666676
4,4,0.6940054391915337,0.8783333333333367
5,5,0.0,0.8656666666666694
6,6,0.6331950096204514,0.9560000000000034
7,7,0.609028153557163,0.9720000000000062
8,8,0.6039603607477072,0.9803333333333385
9,9,0.580199955790587,0.9883333333333413
10,10,0.5581405479619024,0.9640000000000075
11,11,0.5791224747227661,0.9626666666666736
12,12,0.551753483683636,1.037333333333342
13,13,0.5384281258949162,1.0243333333333415
14,14,0.5250514673901879,1.079000000000007
15,15,0.535301658281218,1.068666666666673
16,16,0.5278400732758708,1.0906666666666718
17,17,0.5119979190076143,1.0820000000000056
18,18,0.5014141160698699,1.1146666666666716
19,19,0.538201223710367,1.0373333333333417
20,20,0.5052227810651988,1.1293333333333386
21,21,0.5206746341786002,1.0873333333333397
22,22,0.5205818312626619,1.1236666666666715
23,23,0.5041087885161699,1.1810000000000018
24,24,0.5032804447243704,1.136666666666671
25,25,0.514977274710646,1.1046666666666713
26,26,0.48994781700165785,1.2040000000000008
27,27,0.46688539914873856,1.1513333333333373
28,28,0.47181344113812856,1.0850000000000044
