,exploit ,value 
0,0.763226316070097,1.331
1,0.7070906400339533,0.9593333333333358
2,0.6716774890288706,1.0370000000000066
3,0.6304964088053628,1.0823333333333383
4,0.6417750195104215,1.0343333333333398
5,0.6119379131897671,1.0946666666666727
6,0.5659708252024251,1.0740000000000038
7,0.5337501456373716,1.066000000000004
8,0.5284469193902085,1.0176666666666687
9,0.5070963574417845,0.9953333333333343
10,0.47349992935177426,0.9719999999999981
11,0.4311812913645262,0.9596666666666653
12,0.4341176433173872,0.946666666666665
13,0.44303815057134355,0.9196666666666645
14,0.48429630229938414,0.9139999999999969
15,0.4589774381828513,0.8579999999999969
16,0.5047003452653089,0.8656666666666619
17,0.5340823654163366,0.8686666666666626
18,0.5255083884884995,0.8446666666666617
19,0.542700720151359,0.8466666666666627
20,0.5446372553936306,0.8633333333333291
21,0.5647013410527078,0.8119999999999958
22,0.5450193147746307,0.7899999999999959
23,0.5337966253942977,0.7986666666666634
24,0.5606803444256715,0.8073333333333298
25,0.5232909423539713,0.7989999999999956
26,0.5100369462831591,0.8179999999999946
27,0.5502830355166167,0.7713333333333281
28,0.5513460119510013,0.7936666666666613
