,exploit ,value 
0,0.7344791322923218,-0.4403333333333339
1,0.27674911170754374,0.03666666666666661
2,0.2669354439830307,0.006666666666666698
3,0.23665646056261777,-0.04333333333333331
4,0.22974729842046193,-0.049333333333333264
5,0.22377108193310746,-0.05266666666666662
6,0.21852359301835042,-0.08899999999999998
7,0.21266026058414306,-0.07699999999999999
8,0.2004469921033763,-0.0716666666666667
9,0.1920889966931422,-0.12599999999999958
10,0.18776989313369474,-0.09733333333333306
11,0.17951011851257234,-0.14866666666666647
12,0.1814472854258578,-0.10899999999999957
13,0.1688844252249059,-0.15199999999999997
14,0.16535315761745384,-0.1296666666666661
15,0.1565278246927127,-0.14166666666666652
16,0.15548055701050156,-0.14566666666666658
17,0.21025932714742152,-0.1600000000000002
18,0.234514180749841,-0.14899999999999994
19,0.22928971340065532,-0.16566666666666682
20,0.23265886881166403,-0.18566666666666745
21,0.21796265709243012,-0.17833333333333395
22,0.23684988670958712,-0.20200000000000096
23,0.25985421061303493,-0.1733333333333341
24,0.23345408590544703,-0.16100000000000014
25,0.23798690246844517,-0.16533333333333333
26,0.2139741417341059,-0.18000000000000052
27,0.25403252400929216,-0.1423333333333332
28,0.25848934852800015,-0.16333333333333344
