,exploit ,value 
0,0.4232422995715844,-0.2999999999999998
1,0.2963350511721345,-0.18966666666666673
2,0.25044111793181506,-0.09266666666666666
3,0.26967791355744053,-0.11699999999999997
4,0.3198966232038791,-0.10833333333333325
5,0.3239021017463358,-0.09066666666666656
6,0.30403244765078263,-0.074
7,0.30568784440486885,-0.07333333333333338
8,0.26680272863215304,-0.06700000000000005
9,0.2400576750659228,-0.08333333333333336
10,0.24663384527900165,-0.09100000000000008
11,0.22564813814425644,-0.06499999999999997
12,0.23722075235034104,-0.09866666666666656
13,0.25848426173490524,-0.1096666666666664
14,0.2646022320809273,-0.08000000000000008
15,0.2063923204300178,-0.0943333333333332
16,0.203962817903975,-0.0993333333333332
17,0.24296799036065336,-0.11999999999999958
18,0.20091955163266884,-0.11066666666666626
19,0.20178313694720215,-0.11566666666666647
20,0.1839333415353108,-0.14433333333333329
21,0.1941682125726493,-0.12833333333333286
22,0.19257050643954676,-0.1436666666666665
23,0.18131890661725752,-0.13666666666666638
24,0.19655100396473868,-0.14633333333333298
25,0.1853965540930591,-0.13799999999999973
26,0.19128487632195348,-0.16233333333333363
27,0.19728300520435693,-0.1610000000000003
28,0.1846916917969689,-0.16000000000000023
