,exploit ,value
0,0.28785237324567065,-0.0726666666666667
1,0.20392697211087424,-0.18633333333333352
2,0.17169522091039527,-0.2043333333333337
3,0.1767990880522715,-0.21233333333333382
4,0.17377728774121096,-0.15466666666666665
5,0.18541580190171425,-0.2113333333333343
6,0.18217071070286436,-0.18333333333333382
7,0.1844533371264137,-0.182666666666667
8,0.18804209034952618,-0.16566666666666696
9,0.18883379977993367,-0.18033333333333376
10,0.19130755695905893,-0.14666666666666647
11,0.19770734401500542,-0.15299999999999997
12,0.19825811696051068,-0.1276666666666663
13,0.2120017491457701,-0.06600000000000006
14,0.21145443978409606,-0.07799999999999994
15,0.21157510216835357,-0.049000000000000016
16,0.2138371454110311,-0.0556666666666667
17,0.21441741730477049,-0.042666666666666665
18,0.21420340021443726,-0.027666666666666666
19,0.21084881210933432,-0.032
20,0.2071151976772158,-0.040999999999999995
21,0.20877857772806493,-0.020000000000000004
22,0.20897852762921337,-0.009666666666666664
23,0.2111549688025952,-0.021666666666666654
24,0.20973970719232743,-0.019000000000000006
25,0.214356609090553,-0.011333333333333338
26,0.21225717870378952,-0.0013333333333333326
27,0.21199923939686507,-0.01533333333333334
28,0.21806024137775354,0.0019999999999999983
29,0.2171926087829848,-0.022666666666666665
30,0.2173337052126914,-0.0059999999999999975
31,0.21965832118389217,-0.0056666666666666705
32,0.21798253585167376,-0.02066666666666665
33,0.21859696447952615,-0.012333333333333332
34,0.218280341808043,-0.0013333333333333383
35,0.2213608232404604,-0.0023333333333333344
36,0.22158637804519718,0.005666666666666664
37,0.22216779305545717,-0.022333333333333358
38,0.22287605058152946,-0.003999999999999999
39,0.2219181669149623,-0.0023333333333333353
40,0.22213440764806738,-0.008666666666666661
41,0.22103708413959292,-0.010666666666666663
42,0.2229305130560064,-0.003999999999999999
43,0.2222509097633355,-0.010000000000000007
44,0.2223011410849983,-0.003333333333333335
45,0.22140287388647042,-0.007666666666666663
46,0.22027844470590358,-0.01666666666666666
47,0.21628018472525382,-0.009666666666666667
48,0.21332005089630057,-0.010333333333333332
49,0.21116279496886586,-0.021666666666666654
