,exploit ,approx_expl_array,approx_exp_NFSP_array,value,game_value_array_random,game_value_array_heur,avg_attacker_br_R_array,avg_defender_br_R_array
0,0,1.2234529914529915,0.20666666666666914,0.09533333333333373,0.925999999999997,0.33333333333333337,0.13066666666666668,2.3162393162393164
1,0,2.321195626671672,0.1388333333333355,0.2146666666666656,0.8533333333333308,0.291,1.1374407582938388,3.504950495049505
2,0,2.701705822509286,0.10750000000000182,0.3683333333333354,0.7706666666666652,0.2383333333333329,1.3515981735159817,4.051813471502591
3,0,2.3275338304335818,0.11050000000000246,0.3916666666666691,0.7816666666666642,0.29633333333333317,1.2629107981220657,3.392156862745098
4,0,2.320180889257111,0.09783333333333608,0.39766666666666917,0.7763333333333313,0.2676666666666661,1.2629107981220657,3.377450980392157
