,Unnamed: 0,exploit ,value
0,0,0.24532161422687196,-0.055333333333333366
1,1,0.2508752965582079,-0.1166666666666666
2,2,0.17042751846825918,-0.22366666666666707
3,3,0.1863306700494261,-0.19933333333333392
4,4,0.1888002435982255,-0.16633333333333356
5,5,0.19389887361419736,-0.11766666666666624
6,6,0.1664027265133332,-0.1703333333333334
7,7,0.16191541195263348,-0.18600000000000055
8,8,0.16732586482662448,-0.19133333333333405
9,9,0.16037636053227744,-0.1509999999999999
10,10,0.15580005954299325,-0.1583333333333334
11,11,0.15646873656449706,-0.1730000000000003
12,12,0.14175101315945218,-0.12266666666666655
13,13,0.14820631918298033,-0.09099999999999991
14,14,0.150277676940225,-0.13366666666666635
15,15,0.13933327092487274,-0.06300000000000004
16,16,0.1450794318322627,-0.04366666666666667
17,17,0.14623385305811445,-0.15199999999999994
18,18,0.1439808103416544,-0.079
19,19,0.14895707731862795,-0.1279999999999997
20,20,0.1454814171010501,-0.09666666666666657
21,21,0.14816226959888137,-0.10133333333333325
22,22,0.1612155610458089,-0.13633333333333292
23,23,0.1534333641372757,-0.13533333333333317
24,24,0.14396503107405467,-0.09799999999999998
25,25,0.13958692336966655,-0.03466666666666667
26,26,0.1500614238036656,-0.1776666666666672
27,27,0.14700445783566607,-0.09266666666666658
28,28,0.1428941984912133,-0.08799999999999998
29,29,0.14195930445951904,-0.0793333333333333
30,30,0.13994019702494964,-0.035666666666666666
31,31,0.14323099018053762,-0.06266666666666668
32,32,0.1427992739223458,-0.052333333333333336
33,33,0.14061949082068526,-0.04566666666666668
34,34,0.1387593535938312,-0.016666666666666663
35,35,0.14007405120320676,-0.021999999999999995
36,36,0.1422305285303978,-0.06600000000000002
37,37,0.14049397933400778,-0.02333333333333333
38,38,0.14026527587109866,-0.035
39,39,0.13925673810958167,-0.024666666666666667
40,40,0.1411397651744879,-0.006
41,41,0.14043758478009616,-0.061666666666666675
42,42,0.1421693576424812,-0.04033333333333334
43,43,0.13967799104395925,-0.019666666666666666
44,44,0.13973879637809214,-0.05066666666666667
45,45,0.13956496980386074,-0.014333333333333344
46,46,0.14062924196802948,-0.015000000000000001
47,47,0.1418941985257559,-0.02766666666666667
48,48,0.14198257227474748,-0.024666666666666667
49,49,0.14178898285794905,-0.010333333333333335
